step	bar
0	3.8641514909358077
1	2.089120280386462
2	1.9344503631710879
3	0.9623238305894093
