step	bar
0	3.242635417761508
1	2.2638913172808954
2	1.6197956577555135
3	0.24852901553091833
