{"metric-1": 0.38342403492494126, "metric-2": 3.576261384148769}