{"metric-1": 0.6808309439899327, "metric-2": 3.318431318932446}