{
    "foo": 3.9734380724351572,
    "bar": 0.3613504182054852,
    "nested": {
        "bar": 0.24852901553091833
    },
    "step": 3
}
