{
    "foo": 3.9875457811634534,
    "bar": 0.33603376590546663,
    "nested": {
        "bar": 0.9623238305894093
    },
    "step": 3
}
