step	bar
0	3.0280049179861757
1	2.4105486615509713
2	1.8625097909717203
3	0.3613504182054852
