step	bar
0	3.7411241631103955
1	2.4810961841383383
2	1.1809643492704573
3	0.33603376590546663
