step	foo
0	0.5776327804152147
1	1.1167422464075172
2	2.9293641905898054
3	3.9734380724351572
