step	foo
0	0.1445629376570572
1	1.7302348038508202
2	2.056342869835651
3	3.9875457811634534
